model,scenario,Recall@10,NDCG@10,ColdRate@10,Coverage@10,PopularityBias,Fairness,Novelty,Diversity,CalibrationBias
AMR,visual,0.150507138986728,0.22936635128168223,0.009902488231338265,0.8379970544918997,0.024116104781586403,0.33019330145723497,11.369728593620302,0.7714677113466623,3.368161755856072
