model,scenario,Recall@10,NDCG@10,ColdRate@10,Coverage@10,PopularityBias,Fairness,Novelty,Diversity,CalibrationBias
AMR,visual,0.04837395174301573,0.06050913732143745,0.0014626765299260258,0.7290132547864507,0.026363385349427393,0.2625528392973093,11.31931314266498,0.8105543635671411,3.619427599048653
