model,scenario,Recall@10,NDCG@10,ColdRate@10,Coverage@10,PopularityBias,Fairness,Novelty,Diversity,CalibrationBias
AMR,pca_95,0.16145643370043258,0.2460809116845366,0.01492938802958978,0.95139911634757,0.023520713580962013,0.3139786811747161,11.302468557146524,0.7884036369286314,3.171930336926985
AMR,cca_40,0.1952006767441791,0.2985799866722504,0.011314727639542705,0.8954344624447719,0.028254464482939737,0.3128290620426734,11.11688810153155,0.7663917813881387,3.0652118876298355
