model,scenario,Recall@10,NDCG@10,ColdRate@10,Coverage@10,PopularityBias,Fairness,Novelty,Diversity,CalibrationBias
AMR,pca_95,0.15335162711527053,0.23466262666137655,0.0033960995292535313,0.9116347569955818,0.0261909910219469,0.3182040113323055,11.173654587759897,0.7926627672040696,3.1019484879818218
AMR,cca_40,0.19999447841098483,0.3091004170710286,0.016274377942165432,0.8924889543446247,0.025394299255346822,0.32695370774282967,11.250806831766708,0.7579409096947205,3.252911729770537
