model,scenario,Recall@10,NDCG@10,ColdRate@10,Coverage@10,PopularityBias,Fairness,Novelty,Diversity,CalibrationBias
AMR,pca_95,0.1747160529048482,0.2628803837354465,0.0020342972427706794,0.9602356406480117,0.02309315159607106,0.37420614806047603,11.288464570214291,0.7671534501244768,3.1613055998758743
AMR,cca_40,0.21131309197744372,0.3181133105109972,0.009599865501008744,0.916053019145803,0.02754524614788017,0.3367771164266401,11.154687195057395,0.7521441543939302,3.177677805624424
