model,scenario,Recall@10,NDCG@10,ColdRate@10,Coverage@10,PopularityBias,Fairness,Novelty,Diversity,CalibrationBias
VBPR,pca_95,0.22602326093017977,0.33402536696650814,0.015551445864156018,0.8718703976435936,0.024371008595172765,0.3074273746517965,11.224676950527124,0.7727321604997575,2.815237672301074
VBPR,cca_40,0.2252217503373623,0.3358883100398574,0.01590450571620713,0.9602356406480117,0.02565490945861702,0.33587093974147847,11.214236741181011,0.7366384251401624,3.413735789763888
