model,scenario,Recall@10,NDCG@10,ColdRate@10,Coverage@10,PopularityBias,Fairness,Novelty,Diversity,CalibrationBias
VBPR,pca_95,0.2217596885181317,0.33916872217950333,0.011079354404841965,0.7908689248895435,0.029989182403212265,0.30345205764841093,10.998633001070006,0.7765035273368606,2.8755744602239606
VBPR,cca_40,0.2274772943173096,0.336363152820593,0.012542030934767988,0.9484536082474226,0.02854819015408479,0.3426313694443201,11.1900971184189,0.7338284592274729,3.453770526486575
