model,scenario,Recall@10,NDCG@10,ColdRate@10,Coverage@10,PopularityBias,Fairness,Novelty,Diversity,CalibrationBias
AMR,pca_95,0.1677614809505412,0.251185203406402,0.009515803631472763,0.9469808541973491,0.029892063332335222,0.3042154622162975,11.160219157121455,0.764453615638888,3.4074525191999494
AMR,cca_40,0.2043422671072645,0.3138646752318462,0.019199731002017485,0.9057437407952874,0.02579992538742091,0.307057259616085,11.198602972900682,0.7578614808647313,3.146067997268396
