model,scenario,Recall@10,NDCG@10,ColdRate@10,Coverage@10,PopularityBias,Fairness,Novelty,Diversity,CalibrationBias
AMR,text,0.17166669646997854,0.25643884499219716,0.0026731674512441156,0.95139911634757,0.02171916954235982,0.3354460708072932,11.293767232434686,0.7478689337574678,3.49961209304685
