model,scenario,Recall@10,NDCG@10,ColdRate@10,Coverage@10,PopularityBias,Fairness,Novelty,Diversity,CalibrationBias
AMR,pca_95,0.1866417630033823,0.27843501449354685,0.008624747814391393,0.9617083946980853,0.026003269209057576,0.349676774655203,11.218036435542436,0.7636931136872294,3.198313715168276
AMR,cca_40,0.21796457732392346,0.33462498934885765,0.016862811028917284,0.8821796759941092,0.02595390587034101,0.3262224325010628,11.218849501516235,0.7452149626569599,3.28302669457745
