model,scenario,Recall@10,NDCG@10,ColdRate@10,Coverage@10,PopularityBias,Fairness,Novelty,Diversity,CalibrationBias
VMF,visual,0.021269324167131627,0.03887635559117658,0.0,0.18703976435935196,0.04033857912124053,0.6158399403098728,11.122334602571316,0.7795945727166306,6.421366685740782
VMF,audio,0.05850104433717123,0.09380887081301768,0.007330195023537325,0.9734904270986745,0.025658768941532212,0.3257840655581957,11.37947215099122,0.8001268103694689,5.716614264499413
VMF,text,0.0672358490206905,0.1048207342062409,0.01378614660390047,0.9867452135493371,0.029193392614336417,0.29007467605422904,11.1616958369849,0.7898713215889857,5.3386171822503075
VMF,pca_95,0.06195073224259882,0.0965374157461773,0.002454606590450572,0.9720176730486008,0.024843638786760196,0.3686371924765549,11.356909365434264,0.777230374889252,5.556319237144306
VMF,cca_40,0.0654050966907547,0.10755191421442127,0.008002689979825152,0.9734904270986745,0.024798957141945525,0.29550889351041704,11.272269169737683,0.8005095572563631,5.104595215691103
