model,scenario,Recall@10,NDCG@10,ColdRate@10,Coverage@10,PopularityBias,Fairness,Novelty,Diversity,CalibrationBias
VBPR,pca_95,0.22204191927535655,0.3284444913229142,0.01593813046402152,0.8924889543446247,0.029210714268183134,0.2672804218197513,11.0138887237422,0.7739782049959141,2.830923129114924
VBPR,cca_40,0.22980455829308097,0.33086435751296284,0.015887693342299933,0.9602356406480117,0.026371319071858787,0.32797331284990927,11.216449686391712,0.7426642764630323,3.2226665437634563
