model,scenario,Recall@10,NDCG@10,ColdRate@10,Coverage@10,PopularityBias,Fairness,Novelty,Diversity,CalibrationBias
VBPR,pca_95,0.2233925564016255,0.3360919321868411,0.015736381977135172,0.7997054491899852,0.027421086152985236,0.2916478805144982,11.087284255501535,0.7734333758535171,2.8834591821739894
VBPR,cca_40,0.2238787864823013,0.32766481170516504,0.012037659717552118,0.96759941089838,0.026338964455941766,0.34972123856788967,11.233657031900906,0.7425715356131743,3.197322518842854
