model,scenario,Recall@10,NDCG@10,ColdRate@10,Coverage@10,PopularityBias,Fairness,Novelty,Diversity,CalibrationBias
VBPR,text,0.23425614212882903,0.3512462767418911,0.024680564895763285,0.874815905743741,0.028678056538663548,0.2988347777371331,11.11242974497898,0.7578180147996331,3.0261349005226577
