model,scenario,Recall@10,NDCG@10,ColdRate@10,Coverage@10,PopularityBias,Fairness,Novelty,Diversity,CalibrationBias
AMR,text,0.18998930745492107,0.28548639098869544,0.015854068594485543,0.9484536082474226,0.025990089289658798,0.323826790190563,11.26367744139882,0.751619328121794,3.384310703884542
