model,scenario,Recall@10,NDCG@10,ColdRate@10,Coverage@10,PopularityBias,Fairness,Novelty,Diversity,CalibrationBias
AMR,pca_95,0.15755808062800433,0.23956125186159521,0.005850706119704103,0.93519882179676,0.03085761514635356,0.31985501662535637,11.151164927379417,0.7863300989528291,3.0830661599914646
AMR,cca_40,0.1902648236257507,0.29397064246726856,0.013298587760591797,0.9248895434462446,0.0269262317211453,0.3202622375528391,11.122089151348613,0.7672866622426698,3.0824650274466863
