model,scenario,Recall@10,NDCG@10,ColdRate@10,Coverage@10,PopularityBias,Fairness,Novelty,Diversity,CalibrationBias
VBPR,text,0.22369202078827513,0.3396050081968644,0.011432414256893073,0.80559646539028,0.02896951806164374,0.2721145327537524,11.050984318225893,0.7850085158973301,2.706935756323992
