model,scenario,Recall@10,NDCG@10,ColdRate@10,Coverage@10,PopularityBias,Fairness,Novelty,Diversity,CalibrationBias
VBPR,pca_95,0.21878701331399347,0.32438913619067156,0.008977807666442503,0.9366715758468337,0.0272191597249152,0.2819788871984303,11.058092433827511,0.7628360992208784,3.024483543278277
VBPR,cca_40,0.22861345283791623,0.33871982002100354,0.01324815063887021,0.95139911634757,0.029939205474207118,0.3178649018898096,11.054478384228856,0.7328213372449531,3.39782700620559
