model,scenario,Recall@10,NDCG@10,ColdRate@10,Coverage@10,PopularityBias,Fairness,Novelty,Diversity,CalibrationBias
VBPR,visual,0.21572022411243552,0.325122727982639,0.024714189643577675,0.768777614138439,0.02514216886986486,0.2674625734817757,11.180349915269737,0.7758254104650654,2.742522868832057
VBPR,audio,0.22052289905101705,0.33062882919755415,0.011213853396099533,0.8586156111929307,0.027295355366951532,0.3071117442346614,11.096077967975823,0.7621330395467358,2.9459594900664685
VBPR,text,0.2413210525810447,0.3615383787009089,0.022948890383322124,0.7952871870397644,0.027354499334868127,0.2891936374406506,11.118531420684304,0.7677998414240287,2.8106509408690905
VBPR,pca_95,0.22035787291938974,0.32819606764449033,0.023655010087424346,0.8880706921944037,0.026617749203559807,0.2733096841689323,11.081421592931363,0.7684358754710133,2.8583826484285115
VBPR,cca_40,0.2294058779000842,0.33963489467473956,0.013180901143241427,0.9499263622974963,0.02875389016242962,0.318030477562845,11.062554063891078,0.7356165930717601,3.3637349830781154
