model,scenario,Recall@10,NDCG@10,ColdRate@10,Coverage@10,PopularityBias,Fairness,Novelty,Diversity,CalibrationBias
TopPop,NA,0.12589369475851225,0.21016726194881685,0.066408876933423,0.1001472754050074,0.03865309568572396,0.1958446743567324,10.587418145381113,0.8063510654953155,3.640457100910907
MF,NA,0.07716009154977477,0.12967427021489597,0.01121385339609953,0.650957290132548,0.019332763512485335,0.3390801374438415,11.546104543612705,0.7960910296644997,5.138102188847721
VAECF,NA,0.24921546918193246,0.358396117166136,0.015181573638197715,0.8674521354933729,0.024660745929442025,0.3498914804020617,11.272194421040057,0.7195971820445033,3.5639782621928853
