model,scenario,Recall@10,NDCG@10,ColdRate@10,Coverage@10,PopularityBias,Fairness,Novelty,Diversity,CalibrationBias
AMR,audio,0.2352471802974197,0.35638330360972703,0.01625756556825824,0.8689248895434466,0.02591624983433062,0.34304675212874536,11.271318617227282,0.7333187596441352,3.3889802065219485
