model,scenario,Recall@10,NDCG@10,ColdRate@10,Coverage@10,PopularityBias,Fairness,Novelty,Diversity,CalibrationBias
VBPR,text,0.232066877046428,0.3417440396013578,0.015954942837928716,0.9175257731958765,0.030496038661096903,0.2878186671979737,11.060755892989075,0.7638555413821608,2.8490611978455433
