model,scenario,Recall@10,NDCG@10,ColdRate@10,Coverage@10,PopularityBias,Fairness,Novelty,Diversity,CalibrationBias
VBPR,pca_95,0.21934474264270715,0.33332609820181375,0.013298587760591795,0.8556701030927834,0.025396520452191502,0.3084969402305148,11.086282683190557,0.7593690778635298,3.0029380991898167
VBPR,cca_40,0.2265307378886858,0.3364372524422278,0.01666106254203094,0.9484536082474226,0.025787997192210838,0.3352853685802894,11.226731167780445,0.7372738350240591,3.318653320545915
