model,scenario,Recall@10,NDCG@10,ColdRate@10,Coverage@10,PopularityBias,Fairness,Novelty,Diversity,CalibrationBias
AMR,text,0.22268477357569416,0.3394304693847065,0.014509078681909888,0.8969072164948455,0.027399377328575145,0.3109296773688415,11.139572980513323,0.7489737513476585,3.3020113287668855
