model,scenario,Recall@10,NDCG@10,ColdRate@10,Coverage@10,PopularityBias,Fairness,Novelty,Diversity,CalibrationBias
VBPR,text,0.22538055488357917,0.33925303835037596,0.02602555480833894,0.8070692194403535,0.028286352770237434,0.26381172630969707,11.077766549633965,0.7822977726421461,2.7037765995414045
