model,scenario,Recall@10,NDCG@10,ColdRate@10,Coverage@10,PopularityBias,Fairness,Novelty,Diversity,CalibrationBias
AMR,pca_95,0.1834748795734732,0.275828504804506,0.011751849361129793,0.9528718703976436,0.029477276297252587,0.31356924588895213,11.07521031552436,0.7582194762011508,3.3493045343921253
AMR,cca_40,0.19494001013278564,0.29918225312706725,0.013533960995292535,0.93519882179676,0.026316703400271944,0.33630221083982625,11.217670407000886,0.7621947872152424,3.121946393146804
