model,scenario,Recall@10,NDCG@10,ColdRate@10,Coverage@10,PopularityBias,Fairness,Novelty,Diversity,CalibrationBias
VBPR,pca_95,0.22020353697604642,0.32734581649952416,0.013365837256220578,0.8895434462444773,0.026069199485565905,0.2978471508355229,11.162852111522877,0.7835751335204935,2.8194133970619597
VBPR,cca_40,0.22643439669468274,0.3382718381171299,0.009801613987895091,0.9455081001472755,0.02511453889916994,0.34903012693193025,11.25053166858214,0.7390960042887862,3.2798432356148592
