model,scenario,Recall@10,NDCG@10,ColdRate@10,Coverage@10,PopularityBias,Fairness,Novelty,Diversity,CalibrationBias
VBPR,pca_95,0.22153121393129743,0.33273104838033324,0.014408204438466712,0.8733431516936675,0.029639491161845485,0.2711553179935155,10.917615468094656,0.768690940235717,2.8753877674281294
VBPR,cca_40,0.22741716711162235,0.33738378348595416,0.01351714862138534,0.9543446244477172,0.029136475979167385,0.3209091549197462,11.158183680216666,0.7340545826913794,3.331298117967791
