model,scenario,Recall@10,NDCG@10,ColdRate@10,Coverage@10,PopularityBias,Fairness,Novelty,Diversity,CalibrationBias
AMR,pca_95,0.16598523821733918,0.24970870878481835,0.010726294552790856,0.9469808541973491,0.02381388702084734,0.3271587263244709,11.237414322514292,0.7675470316523332,3.3025699947008693
AMR,cca_40,0.20437958269151676,0.3113826043698192,0.013618022864828513,0.90279823269514,0.029533886137277327,0.30306628470116065,11.027663358370846,0.7523524365785069,3.1997612744081865
