model,scenario,Recall@10,NDCG@10,ColdRate@10,Coverage@10,PopularityBias,Fairness,Novelty,Diversity,CalibrationBias
AMR,audio,0.1612758810536057,0.2419150541792685,0.007817753866846,0.9057437407952874,0.030199748182545567,0.291106422168803,11.141879717559421,0.7921365606567915,3.2034430595171646
