model,scenario,Recall@10,NDCG@10,ColdRate@10,Coverage@10,PopularityBias,Fairness,Novelty,Diversity,CalibrationBias
VBPR,visual,0.2024612682710073,0.23593316635267775,0.008103564223268326,0.98379970544919,0.022354223219238262,0.3739238829341747,11.470697698009792,0.765491532138024,3.1276078679376718
VBPR,audio,0.22972359194803982,0.32886780248610586,0.009364492266308004,0.9661266568483063,0.025644061182314857,0.35544963263699497,11.229688140473076,0.7432701920465313,3.3177582824574268
VBPR,text,0.2365183259204037,0.35893515947306737,0.02303295225285811,0.8173784977908689,0.03351407453403953,0.25409125192044596,10.89328324196777,0.7702202495110475,2.831944057994916
VBPR,pca_95,0.21959503617128498,0.33615375605037523,0.02116677874915938,0.8541973490427097,0.03296086152985239,0.24925678014833041,11.013234665392742,0.7729445464454431,2.868061952361927
VBPR,cca_40,0.22563407209808448,0.3375222750098864,0.012491593813046403,0.9528718703976436,0.025760379493321682,0.34920641191308727,11.220352378071764,0.7358171199187787,3.331969391685926
