model,scenario,Recall@10,NDCG@10,ColdRate@10,Coverage@10,PopularityBias,Fairness,Novelty,Diversity,CalibrationBias
AMR,pca_95,0.17759647004845072,0.2710638887207638,0.008557498318762609,0.9484536082474226,0.028421594205744187,0.3270649019309787,11.110991257554154,0.7534889841886592,3.4059008028461997
AMR,cca_40,0.21227580473521968,0.32120657664048946,0.01649293880295898,0.9263622974963182,0.026346296859890338,0.3166485194634074,11.204803387903123,0.7586159591236928,3.1373880595725927
