model,scenario,Recall@10,NDCG@10,ColdRate@10,Coverage@10,PopularityBias,Fairness,Novelty,Diversity,CalibrationBias
AMR,text,0.22350102962036902,0.33399001949954465,0.01378614660390047,0.8939617083946982,0.025545009302028774,0.3448217934317277,11.245305831198612,0.7455286809610392,3.356720785437002
